1,Dana,Copello,dcopello0@hp.com,Male
2,Gerrard,Collihole,gcollihole1@bizjournals.com,Male
3,Tally,Hardbattle,thardbattle2@bbb.org,Male
4,Vivia,Darinton,vdarinton3@4shared.com,Female
5,Noelyn,MacAndreis,nmacandreis4@virginia.edu,Female
6,Ruperto,Creasy,rcreasy5@nps.gov,Male
7,Sylas,Parkhouse,sparkhouse6@drupal.org,Male
8,Pearla,Stovell,pstovell7@geocities.com,Female
9,Annadiana,Leglise,aleglise8@spiegel.de,Female
10,Gabey,Childers,gchilders9@va.gov,Genderfluid
11,Dorie,Dossit,ddossita@ftc.gov,Female
12,Murdock,Carncross,mcarncrossb@statcounter.com,Male
13,Clea,Gummer,cgummerc@dailymail.co.uk,Female
14,Cami,Lowseley,clowseleyd@canalblog.com,Female
15,Alfons,Daysh,adayshe@rambler.ru,Male
16,Daile,Hazeup,dhazeupf@latimes.com,Female
17,Prue,Dackombe,pdackombeg@miitbeian.gov.cn,Female
18,Bondie,Gosby,bgosbyh@multiply.com,Male
19,Emelen,Martini,emartinii@amazon.co.uk,Male
20,Reinald,Gerrad,rgerradj@friendfeed.com,Male
21,Tobiah,Dockrey,tdockreyk@de.vu,Male
22,Chas,Spurritt,cspurrittl@soundcloud.com,Male
23,Willyt,Bolf,wbolfm@sakura.ne.jp,Female
24,Bryna,Staveley,bstaveleyn@bloglines.com,Genderfluid
25,Selle,Roles,sroleso@ovh.net,Female
26,Vidovik,Canet,vcanetp@craigslist.org,Male
27,Lane,Brooker,lbrookerq@census.gov,Male
28,Melisse,MacRannell,mmacrannellr@scribd.com,Female
29,Mildred,Pischoff,mpischoffs@fema.gov,Female
30,Wilburt,Iacovides,wiacovidest@va.gov,Male
31,Gregoor,Klimuk,gklimuku@addtoany.com,Male
32,Lanni,Skully,lskullyv@omniture.com,Female
33,Tristan,Simionato,tsimionatow@aboutads.info,Male
34,Costanza,Punt,cpuntx@friendfeed.com,Female
35,Kalina,Ladon,kladony@usa.gov,Female
36,Jarred,Liddard,jliddardz@cbsnews.com,Male
37,Rolando,Anear,ranear10@aol.com,Male
38,Silvana,Hatherall,shatherall11@is.gd,Agender
39,Gigi,Edgerton,gedgerton12@census.gov,Female
40,Bax,Roocroft,broocroft13@joomla.org,Polygender
41,Bryant,Housden,bhousden14@privacy.gov.au,Male
42,Amerigo,Ibotson,aibotson15@marketwatch.com,Male
43,Halsey,Collinette,hcollinette16@dell.com,Male
44,Robbie,Joris,rjoris17@tuttocitta.it,Genderqueer
45,Vevay,McKoy,vmckoy18@xinhuanet.com,Female
46,Sylas,Seedhouse,sseedhouse19@bbb.org,Male
47,Claudine,Gouldbourn,cgouldbourn1a@prweb.com,Female
48,Chance,Windebank,cwindebank1b@quantcast.com,Male
49,Alejandrina,Tullis,atullis1c@google.ca,Female
50,Glen,Raysdale,graysdale1d@last.fm,Male
51,Morgun,Furber,mfurber1e@t-online.de,Male
52,Elia,Chadburn,echadburn1f@home.pl,Male
53,Guinna,Cakes,gcakes1g@upenn.edu,Female
54,Fonsie,Follacaro,ffollacaro1h@twitter.com,Male
55,Hollie,Barthorpe,hbarthorpe1i@samsung.com,Female
56,Giffy,Vecard,gvecard1j@w3.org,Male
57,Beverlie,Asel,basel1k@scientificamerican.com,Female
58,Callida,Westerman,cwesterman1l@discuz.net,Female
59,Ethel,Oaten,eoaten1m@g.co,Female
60,Clemmie,Giacopini,cgiacopini1n@odnoklassniki.ru,Male
61,Shermie,Brownscombe,sbrownscombe1o@tinyurl.com,Male
62,Aloysia,Goldwater,agoldwater1p@archive.org,Bigender
63,Shannon,Dunsmuir,sdunsmuir1q@amazon.de,Male
64,Davie,McKibbin,dmckibbin1r@ehow.com,Male
65,Cherin,Fipp,cfipp1s@yale.edu,Female
66,Delainey,Mallia,dmallia1t@list-manage.com,Male
67,Bord,Clyde,bclyde1u@hc360.com,Male
68,Cloe,Bullier,cbullier1v@accuweather.com,Female
69,Jeromy,Fryd,jfryd1w@ustream.tv,Male
70,Matthias,Attwooll,mattwooll1x@cornell.edu,Male
71,Gilbert,Basant,gbasant1y@nbcnews.com,Male
72,Silvano,Robion,srobion1z@123-reg.co.uk,Male
73,Yancey,Eneas,yeneas20@guardian.co.uk,Male
74,Greggory,End,gend21@mozilla.com,Male
75,Eldin,Tesdale,etesdale22@soup.io,Male
76,Colver,Abrashkin,cabrashkin23@nature.com,Male
77,Drake,Hallwood,dhallwood24@discovery.com,Male
78,Ogdan,Piper,opiper25@census.gov,Bigender
79,Kylie,Ruger,kruger26@businessinsider.com,Bigender
80,Garik,Highman,ghighman27@scribd.com,Male
81,Ailee,Millett,amillett28@cbc.ca,Female
82,Ring,Hampshire,rhampshire29@cyberchimps.com,Male
83,Garfield,Hannaway,ghannaway2a@dailymotion.com,Male
84,Miguel,Filippov,mfilippov2b@omniture.com,Male
85,Britte,Williscroft,bwilliscroft2c@ox.ac.uk,Female
86,Elston,Trott,etrott2d@reddit.com,Male
87,Guthrey,Van Der Walt,gvanderwalt2e@harvard.edu,Male
88,Melisa,Demer,mdemer2f@dailymail.co.uk,Female
89,Kendrick,Warke,kwarke2g@state.tx.us,Male
90,Johannes,Mathy,jmathy2h@biglobe.ne.jp,Male
91,Garwin,Leonards,gleonards2i@deviantart.com,Male
92,Cristy,Dabbes,cdabbes2j@phoca.cz,Female
93,Yasmin,Izhaky,yizhaky2k@xinhuanet.com,Female
94,Gretta,Grinham,ggrinham2l@photobucket.com,Female
95,Julianne,Crenshaw,jcrenshaw2m@t.co,Female
96,Paule,Ivankin,pivankin2n@usgs.gov,Female
97,Lionello,Finlan,lfinlan2o@sakura.ne.jp,Male
98,Jervis,Yter,jyter2p@gnu.org,Male
99,Debra,Rubinivitz,drubinivitz2q@engadget.com,Female
100,Ragnar,Skene,rskene2r@exblog.jp,Male,
1,Graig,Bramwell,gbramwell0@webs.com,Male
2,Kara-lynn,Heal,kheal1@jiathis.com,Female
3,Marni,Champ,mchamp2@tuttocitta.it,Female
4,Reinald,Jinkinson,rjinkinson3@homestead.com,Male
5,Ulrika,Clemetts,uclemetts4@loc.gov,Non-binary
6,Tess,Alexsandrev,talexsandrev5@trellian.com,Female
7,Roland,Gavriel,rgavriel6@istockphoto.com,Male
8,Carolyne,Brocklehurst,cbrocklehurst7@meetup.com,Female
9,Abran,Binstead,abinstead8@dot.gov,Male
10,Nestor,Weedall,nweedall9@paypal.com,Male
11,Indira,Nayshe,inayshea@so-net.ne.jp,Female
12,Kenon,Casaletto,kcasalettob@dedecms.com,Male
13,Leicester,Sponton,lspontonc@zimbio.com,Male
14,Velma,Haddon,vhaddond@yahoo.com,Genderqueer
15,Lorry,Adolthine,ladolthinee@disqus.com,Female
16,Micah,Blackaller,mblackallerf@senate.gov,Polygender
17,Trenton,Colcutt,tcolcuttg@cbsnews.com,Male
18,Gusty,Swatheridge,gswatheridgeh@unblog.fr,Female
19,Darrin,Majury,dmajuryi@merriam-webster.com,Male
20,Livvie,Hartup,lhartupj@kickstarter.com,Female
21,Lauren,Terzi,lterzik@usa.gov,Male
22,Thekla,Tooher,ttooherl@stanford.edu,Agender
23,Melodee,MacGahey,mmacgaheym@irs.gov,Female
24,Uriah,Gogay,ugogayn@nydailynews.com,Male
25,Alena,Jikylls,ajikyllso@netscape.com,Female
26,Quinta,Tupp,qtuppp@google.com.br,Female
27,Breena,Scrowby,bscrowbyq@wunderground.com,Female
28,Eberhard,Thulborn,ethulbornr@princeton.edu,Male
29,Herve,McLese,hmcleses@mail.ru,Male
30,Derk,Bengtsen,dbengtsent@marriott.com,Male
31,Magda,Baines,mbainesu@whitehouse.gov,Female
32,Beth,Pourveer,bpourveerv@people.com.cn,Female
33,Antonia,Corse,acorsew@parallels.com,Female
34,Mandy,Croker,mcrokerx@furl.net,Female
35,Edsel,Kleinholz,ekleinholzy@home.pl,Male
36,Dani,Bisseker,dbissekerz@wikipedia.org,Female
37,Meryl,Crewe,mcrewe10@discovery.com,Polygender
38,Jay,Cordon,jcordon11@addthis.com,Male
39,Dean,Barde,dbarde12@webmd.com,Male
40,Svend,Germain,sgermain13@google.ca,Male
41,Celestyn,Cavanaugh,ccavanaugh14@livejournal.com,Female
42,Aeriela,Augustin,aaugustin15@storify.com,Female
43,Brockie,Guillain,bguillain16@cnn.com,Male
44,Donovan,Hackwell,dhackwell17@issuu.com,Male
45,Burg,Bowser,bbowser18@amazon.de,Male
46,Ivy,Kulvear,ikulvear19@digg.com,Female
47,Bev,Stenton,bstenton1a@google.ca,Female
48,Silvio,Mattaus,smattaus1b@jiathis.com,Male
49,Dimitry,Jacobovitch,djacobovitch1c@instagram.com,Bigender
50,Anson,Gronowe,agronowe1d@nyu.edu,Male
51,Wendye,Boc,wboc1e@ca.gov,Female
52,Austine,McCunn,amccunn1f@mapy.cz,Female
53,Marris,Sholem,msholem1g@google.cn,Female
54,Sheena,Downton,sdownton1h@sun.com,Female
55,Ayn,Gildersleaves,agildersleaves1i@ihg.com,Female
56,Leonerd,Giurio,lgiurio1j@google.nl,Male
57,Joby,Densey,jdensey1k@stumbleupon.com,Female
58,Rog,Cluely,rcluely1l@msn.com,Male
59,Arlan,Beament,abeament1m@parallels.com,Male
60,Tannie,Verey,tverey1n@lulu.com,Male
61,Rozella,Normington,rnormington1o@bizjournals.com,Female
62,Kacy,Balcock,kbalcock1p@sina.com.cn,Female
63,Shermy,Lago,slago1q@canalblog.com,Male
64,Lorena,Anear,lanear1r@prnewswire.com,Female
65,Trudi,Bywater,tbywater1s@cam.ac.uk,Female
66,Carly,Heinke,cheinke1t@sogou.com,Female
67,Dalenna,Elloy,delloy1u@altervista.org,Female
68,Vinny,Shutler,vshutler1v@chron.com,Female
69,Patience,Christoforou,pchristoforou1w@soup.io,Female
70,Randall,Tolussi,rtolussi1x@flickr.com,Male
71,Granny,Northgraves,gnorthgraves1y@wsj.com,Male
72,Denny,Brockman,dbrockman1z@walmart.com,Female
73,Derward,O'Cannavan,docannavan20@nba.com,Male
74,Missy,Egerton,megerton21@scribd.com,Female
75,Sigmund,Jirieck,sjirieck22@acquirethisname.com,Male
76,Lorenzo,Morlon,lmorlon23@1688.com,Male
77,Isa,Waliszewski,iwaliszewski24@nih.gov,Genderqueer
78,Rafferty,Mayoral,rmayoral25@e-recht24.de,Male
79,Gerry,Anchor,ganchor26@accuweather.com,Male
80,Boigie,Kevlin,bkevlin27@skype.com,Male
81,Nicolis,Deare,ndeare28@springer.com,Male
82,Sunny,Celloni,scelloni29@paypal.com,Male
83,Haslett,Richmont,hrichmont2a@walmart.com,Male
84,Meade,Kench,mkench2b@cocolog-nifty.com,Male
85,Caria,Jewster,cjewster2c@dailymotion.com,Female
86,Ingeberg,Greystoke,igreystoke2d@furl.net,Female
87,Silva,Domenge,sdomenge2e@ask.com,Female
88,Gae,Yakubowicz,gyakubowicz2f@51.la,Female
89,Petra,Scamwell,pscamwell2g@earthlink.net,Female
90,Florrie,McCooke,fmccooke2h@phpbb.com,Female
91,Baily,Deem,bdeem2i@live.com,Male
92,Ellette,McLaverty,emclaverty2j@dedecms.com,Female
93,Derrik,Bilovus,dbilovus2k@about.me,Male
94,Alica,Venour,avenour2l@twitpic.com,Female
95,Ann,Lillgard,alillgard2m@amazon.de,Female
96,Maudie,Carde,mcarde2n@cdc.gov,Non-binary
97,Kesley,Penning,kpenning2o@ftc.gov,Female
98,Osbert,Zumbusch,ozumbusch2p@unc.edu,Male
99,Vic,Christophersen,vchristophersen2q@newsvine.com,Male
100,Aldo,Clacson,aclacson2r@nasa.gov,Male